name,email,phone,gender,age,date,address,city,state,zipcode,country,salary
Vega Borge,vega.borge@example.com (Valid),60985238 (Invalid),female (Valid),29 (Valid),1995-06-11 (Valid),5887 Langretta,Storslett,Aust-Agder,4801,Norway,"91,925.00"
Sarah Ambrose,sarah.ambrose@example.com (Valid),X30 P38-2138 (Invalid),female (Valid),37 (Valid),1987-04-18 (Valid),5238 Dalhousie Ave,Brockton,Saskatchewan,V7H 8L3,Canada,"66,060.00"
Harry Meehan,harry.meehan@example.com (Valid),061-861-5694 (Invalid),male (Valid),37 (Valid),1986-11-04 (Valid),847 North Road,Gorey,Waterford,37481,Ireland,"114,626.00"
Erin Daniels,erin.daniels@example.com (Valid),021-766-5136 (Invalid),female (Valid),57 (Valid),1967-10-01 (Valid),7028 Killarney Road,Duleek,Kerry,54775,Ireland,"97,023.00"
Gafiya Barannik,gafiya.barannik@example.com (Valid),(098) D49-9045 (Invalid),female (Valid),79 (Valid),1945-09-22 (Valid),5823 Uborevicha,Stariy Sambir,Avtonomna Respublika Krim,18546,Ukraine,"119,212.00"
Lewis Hughes,lewis.hughes@example.com (Valid),020 7171 2540 (Invalid),male (Valid),41 (Valid),1983-07-11 (Valid),1697 Bridge Road,Salisbury,Greater Manchester,U4I 2AQ,United Kingdom,"115,921.00"
Gabino Uribe,gabino.uribe@example.com (Valid),(615) 693 5497 (Invalid),male (Valid),59 (Valid),1965-06-07 (Valid),7696 Circunvalación Morelos,Santiago Acutzilapan,Puebla,49903,Mexico,"40,714.00"
Celia Mateo,celia.mateo@example.com (Valid),(650) 768 9718 (Invalid),female (Valid),67 (Valid),1956-12-31 (Valid),8119 Circunvalación Bhután,Pantanal,Chiapas,20405,Mexico,"109,371.00"
Milo Bærheim,milo.baerheim@example.com (Valid),86479897 (Invalid),male (Valid),27 (Valid),1997-05-04 (Valid),1042 Kanslergata,Storsand,Nord-Trøndelag,9273,Norway,"105,115.00"
Cathy Torres,cathy.torres@example.com (Valid),08-3794-6610 (Invalid),female (Valid),54 (Valid),1970-01-04 (Valid),7336 W Gray St,Australian Capital Territory,Victoria,673,Australia,"89,836.00"
August Larsen,august.larsen@example.com (Valid),38530496 (Invalid),male (Valid),70 (Valid),1954-03-15 (Valid),7234 Nygade,Sommersted,Sjælland,95614,Denmark,"117,582.00"
Vildan Aşıkoğlu,vildan.asikoglu@example.com (Valid),(791)-331-7898 (Invalid),female (Valid),24 (Valid),1999-11-07 (Valid),4113 Istiklal Cd,Aydın,Yozgat,42798,Turkey,"75,108.00"
Sobislav Pavlyuk,sobislav.pavlyuk@example.com (Valid),(068) I76-8389 (Invalid),male (Valid),68 (Valid),1956-01-16 (Valid),6368 Ruska,Novodnistrovsk,Luganska,87129,Ukraine,"88,626.00"
Eir Laastad,eir.laastad@example.com (Valid),21944770 (Invalid),female (Valid),24 (Valid),2000-06-29 (Valid),8350 P. A. Holms vei,Leirvik,Oslo,1503,Norway,"46,322.00"
Sabri Görtz,sabri.gortz@example.com (Valid),0654-1993250 (Invalid),male (Valid),61 (Valid),1963-10-19 (Valid),1124 Rosenweg,Kehl,Niedersachsen,30541,Germany,"100,710.00"
Alexa Stewart,alexa.stewart@example.com (Valid),04-8610-3530 (Invalid),female (Valid),56 (Valid),1967-11-05 (Valid),5166 Lovers Ln,Perth,Tasmania,1734,Australia,"95,884.00"
Tracy Watson,tracy.watson@example.com (Valid),(440) 262-0857 (Invalid),male (Valid),33 (Valid),1991-05-19 (Valid),8364 Valwood Pkwy,Lowell,Nevada,13778,United States,"89,622.00"
Daniela Duran,daniela.duran@example.com (Valid),991-633-274 (Invalid),female (Valid),74 (Valid),1949-12-31 (Valid),1665 Calle de Atocha,Vitoria,Andalucía,45079,Spain,"40,106.00"
Daryl Rice,daryl.rice@example.com (Valid),(252) 825-7437 (Invalid),male (Valid),53 (Valid),1971-02-23 (Valid),8071 E Pecan St,Duncanville,Minnesota,22858,United States,"119,061.00"
Mónica Carrasco,monica.carrasco@example.com (Valid),905-537-730 (Invalid),female (Valid),72 (Valid),1952-06-18 (Valid),9704 Calle de Toledo,Talavera de la Reina,La Rioja,78872,Spain,"85,031.00"
Arnaud Patel,arnaud.patel@example.com (Valid),C27 K71-0071 (Invalid),male (Valid),39 (Valid),1985-07-14 (Valid),5339 Vimy St,Chatham,Saskatchewan,W3Y 4A1,Canada,"109,268.00"
Aapo Sakala,aapo.sakala@example.com (Valid),08-659-081 (Invalid),male (Valid),49 (Valid),1975-10-18 (Valid),4983 Otavalankatu,Lemi,Central Ostrobothnia,73090,Finland,"50,523.00"
Craig Fitzpatrick,craig.fitzpatrick@example.com (Valid),031-785-5461 (Invalid),male (Valid),39 (Valid),1985-03-31 (Valid),390 Church Road,Ratoath,Roscommon,88726,Ireland,"89,073.00"
Isla Palo,isla.palo@example.com (Valid),02-270-999 (Invalid),female (Valid),47 (Valid),1977-04-25 (Valid),9033 Rautatienkatu,Ylöjärvi,Kymenlaakso,72014,Finland,"76,485.00"
Eckhart Sippel,eckhart.sippel@example.com (Valid),0589-1611933 (Invalid),male (Valid),33 (Valid),1991-04-08 (Valid),6670 Jahnstraße,Dornstetten,Rheinland-Pfalz,35313,Germany,"117,211.00"
آدرینا سهيلي راد,adryn.shylyrd@example.com (Valid),027-48798347 (Invalid),female (Valid),78 (Valid),1946-05-21 (Valid),9317 مجاهدین اسلام,اهواز,مازندران,10323,Iran,"53,929.00"
Fatma Okur,fatma.okur@example.com (Valid),(653)-425-2474 (Invalid),female (Valid),66 (Valid),1958-03-27 (Valid),163 Anafartalar Cd,Konya,Hakkâri,69993,Turkey,"41,313.00"
زهرا رضایی,zhr.rdyy@example.com (Valid),039-57203489 (Invalid),female (Valid),53 (Valid),1971-09-26 (Valid),1317 میرزای شیرازی,اهواز,ایلام,44560,Iran,"90,512.00"
Luisa Caraballo,luisa.caraballo@example.com (Valid),(627) 313 2307 (Invalid),female (Valid),67 (Valid),1957-01-12 (Valid),307 Continuación Franco,San José Viejo,Baja California Sur,22930,Mexico,"74,946.00"
Marianne Bjorøy,marianne.bjoroy@example.com (Valid),84654744 (Invalid),female (Valid),25 (Valid),1999-06-06 (Valid),8729 Åslandveien,Havøysund,Trøndelag,3426,Norway,"49,480.00"
Federico Zapata,federico.zapata@example.com (Valid),(666) 370 6030 (Invalid),male (Valid),74 (Valid),1950-09-04 (Valid),5060 Peatonal Medrano,Santa Clara,Chiapas,85625,Mexico,"75,393.00"
Jill Mills,jill.mills@example.com (Valid),(965) 946-4516 (Invalid),female (Valid),50 (Valid),1973-11-26 (Valid),8155 Parker Rd,Cleveland,California,87479,United States,"78,252.00"
Marie Møller,marie.moller@example.com (Valid),61809134 (Invalid),female (Valid),33 (Valid),1991-05-29 (Valid),3319 Anemonevej,Hirtsals,Sjælland,76438,Denmark,"98,539.00"
María León,maria.leon@example.com (Valid),931-482-055 (Invalid),female (Valid),77 (Valid),1947-03-04 (Valid),575 Calle Nebrija,Bilbao,Galicia,97430,Spain,"88,359.00"
Mauritz Kemperman,mauritz.kemperman@example.com (Valid),(034) 7196849 (Invalid),male (Valid),43 (Valid),1980-11-02 (Valid),9133 Jelmeraweg,Reutum,Gelderland,4656 SM,Netherlands,"65,048.00"
Melvin Obrien,melvin.obrien@example.com (Valid),015242 09879 (Invalid),male (Valid),36 (Valid),1988-09-28 (Valid),1876 Church Lane,Winchester,Somerset,AP1 9WD,United Kingdom,"72,014.00"
Fernand Durand,fernand.durand@example.com (Valid),078 502 24 92 (Invalid),male (Valid),39 (Valid),1985-08-22 (Valid),9851 Cours Charlemagne,Siselen,Zug,3971,Switzerland,"90,362.00"
Ron Jennings,ron.jennings@example.com (Valid),(412) 248-8092 (Invalid),male (Valid),34 (Valid),1990-05-21 (Valid),9998 Westheimer Rd,Davenport,South Dakota,73366,United States,"30,128.00"
Evan Wallace,evan.wallace@example.com (Valid),015394 75502 (Invalid),male (Valid),28 (Valid),1996-02-25 (Valid),6466 George Street,Leicester,Hampshire,B1 7XH,United Kingdom,"116,572.00"
Frosina Charneckiy,frosina.charneckiy@example.com (Valid),(066) L85-3283 (Invalid),female (Valid),32 (Valid),1992-05-15 (Valid),1392 Tiktora,Bar,Avtonomna Respublika Krim,73115,Ukraine,"56,087.00"
Afaf Sijbesma,afaf.sijbesma@example.com (Valid),(0932) 490662 (Invalid),female (Valid),76 (Valid),1948-03-07 (Valid),5301 Drabbelstraat,Mook en Middelaar,Gelderland,4156 ID,Netherlands,"105,060.00"
Slavica StanićStanković,slavica.stanicstankovic@example.com (Valid),014-9346-593 (Invalid),female (Valid),66 (Valid),1958-06-22 (Valid),6175 Mramoračka,Despotovac,Toplica,71296,Serbia,"100,105.00"
Yusuf Oertel,yusuf.oertel@example.com (Valid),0176-2129853 (Invalid),male (Valid),24 (Valid),1999-12-13 (Valid),4921 Raiffeisenstraße,Neuss,Brandenburg,25764,Germany,"36,684.00"
Dylan Denys,dylan.denys@example.com (Valid),T51 A19-7040 (Invalid),male (Valid),57 (Valid),1967-09-07 (Valid),5709 Lake of Bays Road,Cadillac,British Columbia,C4D 2X6,Canada,"88,757.00"
Amalie Kastl,amalie.kastl@example.com (Valid),0812-7881183 (Invalid),female (Valid),61 (Valid),1963-07-31 (Valid),4562 Talstraße,Trier-Saarburg,Thüringen,14736,Germany,"60,802.00"
Juliette Anderson,juliette.anderson@example.com (Valid),M75 E40-4358 (Invalid),female (Valid),67 (Valid),1956-12-27 (Valid),6591 Balmoral St,Winfield,Yukon,F1M 2R7,Canada,"82,800.00"
Russell Carter,russell.carter@example.com (Valid),021-826-9240 (Invalid),male (Valid),53 (Valid),1971-06-29 (Valid),5559 West Street,Longford,Dublin City,54812,Ireland,"61,610.00"
Buse Akman,buse.akman@example.com (Valid),(503)-542-2018 (Invalid),female (Valid),72 (Valid),1952-06-22 (Valid),2287 Atatürk Sk,Manisa,Niğde,47022,Turkey,"65,368.00"
Louis Kowalski,louis.kowalski@example.com (Valid),A81 O30-5515 (Invalid),male (Valid),78 (Valid),1946-02-13 (Valid),4093 Lake of Bays Road,Sherbrooke,Prince Edward Island,M1F 8M5,Canada,"86,615.00"
Heike Francois,heike.francois@example.com (Valid),079 457 25 69 (Invalid),female (Valid),74 (Valid),1950-10-05 (Valid),6451 Rue Abel-Hovelacque,Wagenhausen,Basel-Stadt,2610,Switzerland,"43,381.00"
Eric Olmos,eric.olmos@example.com (Valid),(613) 183 9828 (Invalid),male (Valid),75 (Valid),1949-03-23 (Valid),3053 Continuación China,Comitán de Domínguez,Nuevo Leon,27079,Mexico,"35,947.00"
António Barbosa,antonio.barbosa@example.com (Valid),(85) 9952-8950 (Invalid),male (Valid),77 (Valid),1946-12-31 (Valid),7205 Rua Alagoas ,Simões Filho,Piauí,46647,Brazil,"112,039.00"
Jaqueline Fernández,jaqueline.fernandez@example.com (Valid),(693) 175 2937 (Invalid),female (Valid),50 (Valid),1974-10-03 (Valid),7682 Cerrada Lugo,Plan de Ayala (Santa Rosa),Sonora,20015,Mexico,"103,119.00"
Morena Vroon,morena.vroon@example.com (Valid),(052) 5318194 (Invalid),female (Valid),55 (Valid),1968-12-12 (Valid),559 Bercylaan,Giessenlanden,Groningen,7474 EF,Netherlands,"47,387.00"
Frank Scheller,frank.scheller@example.com (Valid),0003-0863496 (Invalid),male (Valid),38 (Valid),1986-10-05 (Valid),5464 Lindenweg,Rottenburg A.D.Laaber,Mecklenburg-Vorpommern,91352,Germany,"51,039.00"
Väinö Heikkinen,vaino.heikkinen@example.com (Valid),09-034-268 (Invalid),male (Valid),42 (Valid),1981-10-29 (Valid),9949 Aleksanterinkatu,Kemijärvi,Lapland,11625,Finland,"74,729.00"
Prisha Bansal,prisha.bansal@example.com (Valid),7793863346 (Invalid),female (Valid),37 (Valid),1987-03-10 (Valid),1638 Shivajinagar,Shahjahanpur,Delhi,39244,India,"46,943.00"
Brittany Howell,brittany.howell@example.com (Valid),015396 39827 (Invalid),female (Valid),54 (Valid),1970-07-21 (Valid),141 Alexander Road,City of London,Cornwall,L71 3LY,United Kingdom,"92,724.00"
Xavier Patel,xavier.patel@example.com (Valid),(044)-787-6344 (Invalid),male (Valid),65 (Valid),1959-03-22 (Valid),7960 Elles Road,Greymouth,Auckland,49739,New Zealand,"40,544.00"
Cristina García,cristina.garcia@example.com (Valid),922-980-893 (Invalid),female (Valid),30 (Valid),1994-05-12 (Valid),8377 Paseo de Zorrilla,Santiago de Compostela,País Vasco,46590,Spain,"88,912.00"
محمدمهدی نكو نظر,mhmdmhdy.nkwnzr@example.com (Valid),044-19167042 (Invalid),male (Valid),39 (Valid),1985-01-04 (Valid),9244 میدان 7 تیر,بروجرد,خراسان رضوی,93551,Iran,"33,355.00"
Julio Prieto,julio.prieto@example.com (Valid),902-180-358 (Invalid),male (Valid),70 (Valid),1954-05-01 (Valid),7792 Calle de Alcalá,Ferrol,Islas Baleares,17418,Spain,"63,045.00"
Thomas Brooks,thomas.brooks@example.com (Valid),(365) 240-9050 (Invalid),male (Valid),29 (Valid),1995-05-31 (Valid),7030 E North St,Carrollton,Wyoming,95851,United States,"76,550.00"
Lidia Muñoz,lidia.munoz@example.com (Valid),943-152-541 (Invalid),female (Valid),49 (Valid),1974-11-17 (Valid),1599 Calle de Arturo Soria,La Palma,Ceuta,14102,Spain,"38,435.00"
Cathy Nichols,cathy.nichols@example.com (Valid),(680) 379-3956 (Invalid),female (Valid),46 (Valid),1978-02-08 (Valid),6356 Poplar Dr,Cedar Hill,Maryland,39002,United States,"97,182.00"
Eino Lehtola,eino.lehtola@example.com (Valid),03-873-317 (Invalid),male (Valid),37 (Valid),1987-03-10 (Valid),2938 Otavalankatu,Pyhäjärvi,Northern Savonia,13456,Finland,"74,957.00"
Randell Aukes,randell.aukes@example.com (Valid),(0184) 867461 (Invalid),male (Valid),41 (Valid),1983-09-06 (Valid),4987 Grachterstraat,Nieuw Millingen,Limburg,7539 PU,Netherlands,"60,302.00"
Melih Van Soelen,melih.vansoelen@example.com (Valid),(033) 7897489 (Invalid),male (Valid),36 (Valid),1988-07-20 (Valid),8200 Aalshorstweide,Catsop,Groningen,3425 DQ,Netherlands,"56,793.00"
Veer Saldanha,veer.saldanha@example.com (Valid),9313512652 (Invalid),male (Valid),61 (Valid),1963-06-21 (Valid),8767 Carter Rd Promenade,Jhansi,Gujarat,56655,India,"73,197.00"
کیانا سالاری,khyn.slry@example.com (Valid),000-95951158 (Invalid),female (Valid),31 (Valid),1993-07-16 (Valid),2489 برادران حسنی,رشت,ایلام,96977,Iran,"89,795.00"
Nathanaël Masson,nathanael.masson@example.com (Valid),03-91-07-27-97 (Invalid),male (Valid),31 (Valid),1992-11-02 (Valid),5196 Rue Louis-Garrand,Lille,Alpes-de-Haute-Provence,66378,France,"112,537.00"
Violeta Pištalo,violeta.pistalo@example.com (Valid),028-2417-981 (Invalid),female (Valid),46 (Valid),1978-02-05 (Valid),3584 Miloja Stojanovića ,Knjaževac,North Banat,14944,Serbia,"88,235.00"
Nicolas Ramírez,nicolas.ramirez@example.com (Valid),920-334-678 (Invalid),male (Valid),37 (Valid),1987-06-13 (Valid),2648 Calle del Barquillo,Albacete,Navarra,49498,Spain,"92,976.00"
Radogosta Danchuk,radogosta.danchuk@example.com (Valid),(066) W05-2332 (Invalid),female (Valid),53 (Valid),1970-10-26 (Valid),3519 Lukivskiy provulok,Bolgrad,Zhitomirska,50030,Ukraine,"37,336.00"
Fatih Dağlaroğlu,fatih.daglaroglu@example.com (Valid),(798)-445-2103 (Invalid),male (Valid),43 (Valid),1981-08-25 (Valid),8903 Kushimoto Sk,Edirne,Mardin,81486,Turkey,"116,038.00"
Aurora Toro,aurora.toro@example.com (Valid),(667) 083 7871 (Invalid),female (Valid),40 (Valid),1984-07-31 (Valid),7679 Viaducto Roldán,Calmeca (San Juan Calmeca),Aguascalientes,59141,Mexico,"43,149.00"
Parth Chiplunkar,parth.chiplunkar@example.com (Valid),8537321205 (Invalid),male (Valid),28 (Valid),1996-07-02 (Valid),7537 Sao Tome Old Quarter,Coimbatore,Telangana,33766,India,"115,082.00"
Brayden Parker,brayden.parker@example.com (Valid),(817) 601-1592 (Invalid),male (Valid),56 (Valid),1968-09-22 (Valid),8708 Valley View Ln,Roanoke,Oregon,80473,United States,"78,662.00"
Milja Ylitalo,milja.ylitalo@example.com (Valid),09-790-514 (Invalid),female (Valid),64 (Valid),1960-06-16 (Valid),4862 Tehtaankatu,Multia,Ostrobothnia,73474,Finland,"111,392.00"
Jade White,jade.white@example.com (Valid),H48 L65-1771 (Invalid),female (Valid),65 (Valid),1959-10-08 (Valid),5211 Elgin St,Cartwright,Saskatchewan,K4O 2C4,Canada,"42,864.00"
Juan Herrera,juan.herrera@example.com (Valid),(908) 243-5015 (Invalid),male (Valid),31 (Valid),1993-05-07 (Valid),5400 Washington Ave,Oxnard,Kansas,36983,United States,"34,476.00"
Paige Edwards,paige.edwards@example.com (Valid),(148)-458-9003 (Invalid),female (Valid),32 (Valid),1991-12-26 (Valid),1130 Lake Terrace,Greymouth,Canterbury,29738,New Zealand,"73,098.00"
Bernard Willis,bernard.willis@example.com (Valid),(207) 690-8955 (Invalid),male (Valid),30 (Valid),1994-07-02 (Valid),9276 Lone Wolf Trail,Clearwater,Texas,56565,United States,"117,731.00"
Lucas Taylor,lucas.taylor@example.com (Valid),015395 08032 (Invalid),male (Valid),57 (Valid),1967-04-22 (Valid),4418 The Drive,Hereford,County Down,WJ7N 2AW,United Kingdom,"99,515.00"
Mestan Çamdalı,mestan.camdali@example.com (Valid),(075)-316-8269 (Invalid),female (Valid),24 (Valid),2000-09-15 (Valid),1104 Anafartalar Cd,Ankara,Amasya,83739,Turkey,"37,694.00"
Victor Cole,victor.cole@example.com (Valid),021-378-4070 (Invalid),male (Valid),25 (Valid),1998-10-26 (Valid),2430 Strand Road,Athy,Mayo,74319,Ireland,"56,275.00"
Nastasija Ninković,nastasija.ninkovic@example.com (Valid),028-3379-245 (Invalid),female (Valid),54 (Valid),1970-06-11 (Valid),1064 Zorana Matića,Belgrade,Podunavlje,96307,Serbia,"116,643.00"
Sanja Đokanović,sanja.dokanovic@example.com (Valid),031-1963-007 (Invalid),female (Valid),36 (Valid),1987-12-26 (Valid),4764 Porodice Radosavljević,Kovačica,Pomoravlje,70796,Serbia,"47,212.00"
Rognida Palagnyuk,rognida.palagnyuk@example.com (Valid),(067) R04-3733 (Invalid),female (Valid),33 (Valid),1990-11-11 (Valid),1875 Sim'yi Prahovih,Radiviliv,Kirovogradska,16285,Ukraine,"109,514.00"
Eemil Lammi,eemil.lammi@example.com (Valid),05-611-737 (Invalid),male (Valid),46 (Valid),1978-09-05 (Valid),1072 Siilitie,Lapinlahti,Pirkanmaa,43430,Finland,"34,967.00"
Dora Srećković,dora.sreckovic@example.com (Valid),026-3555-090 (Invalid),female (Valid),37 (Valid),1986-12-15 (Valid),6270 Borisa Kidriča,Prijepolje,Bor,67487,Serbia,"91,014.00"
Amanda Franklin,amanda.franklin@example.com (Valid),05-5974-9355 (Invalid),female (Valid),65 (Valid),1959-10-13 (Valid),919 Cackson St,Geelong,Tasmania,7542,Australia,"35,548.00"
Louis Nedregård,louis.nedregard@example.com (Valid),70414153 (Invalid),male (Valid),65 (Valid),1959-02-21 (Valid),1037 Gartnerveien,Seimsfoss,Troms - Romsa,6918,Norway,"58,092.00"
Marcus Rasmussen,marcus.rasmussen@example.com (Valid),30553241 (Invalid),male (Valid),49 (Valid),1975-10-10 (Valid),9858 Havnegade,Gjern,Sjælland,36853,Denmark,"31,348.00"
Anaizi Costa,anaizi.costa@example.com (Valid),(94) 2521-8194 (Invalid),female (Valid),61 (Valid),1962-11-18 (Valid),6396 Rua Pará ,Taboão da Serra,Rio Grande do Sul,92600,Brazil,"105,525.00"
Snežana Drljača,snezana.drljaca@example.com (Valid),016-0797-010 (Invalid),female (Valid),56 (Valid),1968-05-31 (Valid),6027 Platana,Dimitrovgrad,Bor,69438,Serbia,"63,872.00"
Derrick Fisher,derrick.fisher@example.com (Valid),08-1085-3667 (Invalid),male (Valid),44 (Valid),1980-02-24 (Valid),3881 Photinia Ave,Bowral,Victoria,7453,Australia,"39,435.00"
Guerete Silva,guerete.silva@example.com (Valid),(10) 8519-8141 (Invalid),female (Valid),74 (Valid),1950-03-30 (Valid),3043 Rua São Francisco ,Luziânia,Roraima,74213,Brazil,"112,936.00"
Dennis Duncan,dennis.duncan@example.com (Valid),02-7457-4130 (Invalid),male (Valid),55 (Valid),1969-10-16 (Valid),7376 Crockett St,Sunshine Coast,Tasmania,8825,Australia,"39,370.00"
Malvina Gvozdeckiy,malvina.gvozdeckiy@example.com (Valid),(096) G24-5626 (Invalid),female (Valid),31 (Valid),1993-10-15 (Valid),6806 Eduarda Vilde,Dokuchaievsk,Vinnicka,25737,Ukraine,"74,920.00"
Kate Morris,kate.morris@example.com (Valid),(300)-392-0324 (Invalid),female (Valid),65 (Valid),1959-05-22 (Valid),5710 Symonds Street,Whangarei,Otago,62443,New Zealand,"70,761.00"
Shruti Mugeraya,shruti.mugeraya@example.com (Valid),9403082723 (Invalid),female (Valid),66 (Valid),1958-01-14 (Valid),8667 Coaker's Walk,Sagar,Goa,57170,India,"109,643.00"
Noah Steward,noah.steward@example.com (Valid),(247) 829-1823 (Invalid),male (Valid),39 (Valid),1984-12-05 (Valid),4951 Harrison Ct,Pittsburgh,Washington,66069,United States,"64,844.00"
Judy Price,judy.price@example.com (Valid),(628) 727-7753 (Invalid),female (Valid),33 (Valid),1990-12-29 (Valid),1766 E North St,Miami,New Jersey,61492,United States,"40,513.00"
ملینا پارسا,mlyn.prs@example.com (Valid),084-73912138 (Invalid),female (Valid),58 (Valid),1965-12-08 (Valid),6733 جمهوری,بروجرد,کرمانشاه,54438,Iran,"66,409.00"
Theresa Gray,theresa.gray@example.com (Valid),06-4203-6813 (Invalid),female (Valid),35 (Valid),1989-08-14 (Valid),1456 Poplar Dr,Rockhampton,Tasmania,8960,Australia,"94,408.00"
Antoine Menard,antoine.menard@example.com (Valid),02-19-78-75-19 (Invalid),male (Valid),44 (Valid),1980-06-09 (Valid),4876 Rue de L'Abbé-Grégoire,Asnières-sur-Seine,Guyane,49915,France,"59,653.00"
Aleksa Vlahović,aleksa.vlahovic@example.com (Valid),010-1708-194 (Invalid),female (Valid),43 (Valid),1980-11-05 (Valid),7640 Janje Mihailovića ,Negotin,Kosovo,67496,Serbia,"119,595.00"
Dörthe Falkenberg,dorthe.falkenberg@example.com (Valid),0991-3409758 (Invalid),female (Valid),72 (Valid),1952-03-01 (Valid),8892 Schulstraße,Frankenberg (Eder),Thüringen,88106,Germany,"68,620.00"
Petra Vidal,petra.vidal@example.com (Valid),079 388 48 10 (Invalid),female (Valid),44 (Valid),1980-07-17 (Valid),7635 Boulevard de la Duchère,Bussigny,Solothurn,5292,Switzerland,"35,337.00"
Kenan Özkara,kenan.ozkara@example.com (Valid),(940)-219-4646 (Invalid),male (Valid),38 (Valid),1986-04-27 (Valid),2807 Atatürk Sk,Tokat,Van,64612,Turkey,"87,117.00"
Urban Muller,urban.muller@example.com (Valid),075 568 87 53 (Invalid),male (Valid),32 (Valid),1992-02-12 (Valid),8274 Rue Docteur-Bonhomme,Siselen,Fribourg,9543,Switzerland,"116,222.00"
Ece Alpuğan,ece.alpugan@example.com (Valid),(945)-064-7324 (Invalid),female (Valid),24 (Valid),2000-10-14 (Valid),5757 Doktorlar Cd,Elazığ,Giresun,65555,Turkey,"98,785.00"
شایان رضاییان,shyn.rdyyn@example.com (Valid),054-13124290 (Invalid),male (Valid),42 (Valid),1982-05-30 (Valid),2727 دماوند,کاشان,گلستان,67920,Iran,"41,342.00"
Cooper Patel,cooper.patel@example.com (Valid),(015)-105-2764 (Invalid),male (Valid),76 (Valid),1948-01-12 (Valid),6539 Roscommon Road,Palmerston North,Hawke'S Bay,50270,New Zealand,"100,719.00"
Paola Longoria,paola.longoria@example.com (Valid),(619) 172 7607 (Invalid),female (Valid),31 (Valid),1992-11-18 (Valid),6957 Andador Sur Orosco,Satevo,Campeche,50382,Mexico,"113,147.00"
Paul Graham,paul.graham@example.com (Valid),041-411-7174 (Invalid),male (Valid),26 (Valid),1998-08-14 (Valid),511 The Drive,Wicklow,Roscommon,49744,Ireland,"49,149.00"
Ajith Salian,ajith.salian@example.com (Valid),9530974866 (Invalid),male (Valid),76 (Valid),1948-09-17 (Valid),5666 MG Rd Bangalore,Ludhiana,Goa,30017,India,"60,329.00"
محمدمهدی علیزاده,mhmdmhdy.aalyzdh@example.com (Valid),045-99975560 (Invalid),male (Valid),27 (Valid),1997-08-19 (Valid),561 میدان قیام,خرم‌آباد,گیلان,58544,Iran,"44,122.00"
Alida Strøm,alida.strom@example.com (Valid),84847412 (Invalid),female (Valid),78 (Valid),1946-05-23 (Valid),3508 Montebello terrasse,Eidbukta,Rogaland,3221,Norway,"53,489.00"
Nathanaël Duval,nathanael.duval@example.com (Valid),05-75-13-61-40 (Invalid),male (Valid),70 (Valid),1954-10-17 (Valid),2258 Rue des Jardins,Courbevoie,Gers,78101,France,"108,272.00"
Leroy Allen,leroy.allen@example.com (Valid),(731) 274-1433 (Invalid),male (Valid),66 (Valid),1958-01-22 (Valid),3010 Crockett St,Edison,Tennessee,47293,United States,"96,846.00"
هلیا مرادی,hly.mrdy@example.com (Valid),084-63109716 (Invalid),female (Valid),66 (Valid),1958-03-14 (Valid),9099 پارک شریعتی,یزد,سمنان,19633,Iran,"91,722.00"
Ed Lewis,ed.lewis@example.com (Valid),0171 886 4332 (Invalid),male (Valid),31 (Valid),1993-05-28 (Valid),1255 Windsor Road,Westminster,Lancashire,SL2 7DF,United Kingdom,"83,648.00"
Eli Clark,eli.clark@example.com (Valid),08-1828-1356 (Invalid),male (Valid),74 (Valid),1950-04-29 (Valid),4293 Railroad St,Bowral,Tasmania,1226,Australia,"32,935.00"
Manuela Jiménez,manuela.jimenez@example.com (Valid),963-156-220 (Invalid),female (Valid),73 (Valid),1951-09-23 (Valid),3725 Calle de Argumosa,Granada,Aragón,33793,Spain,"42,307.00"
Felix Sørensen,felix.sorensen@example.com (Valid),96121123 (Invalid),male (Valid),75 (Valid),1949-10-20 (Valid),7295 Bymarken,Snertinge,Midtjylland,54890,Denmark,"31,219.00"
اميرحسين علیزاده,myrhsyn.aalyzdh@example.com (Valid),047-79665305 (Invalid),male (Valid),33 (Valid),1991-02-12 (Valid),5982 شهید بهشتی,خوی,ایلام,68487,Iran,"85,356.00"
Pablo Jaimes,pablo.jaimes@example.com (Valid),(603) 521 5382 (Invalid),male (Valid),55 (Valid),1969-02-13 (Valid),8602 Avenida Chihuahua,Corozal,Aguascalientes,23199,Mexico,"67,621.00"
Roope Hakola,roope.hakola@example.com (Valid),06-892-793 (Invalid),male (Valid),79 (Valid),1945-05-27 (Valid),246 Itsenäisyydenkatu,Jämijärvi,Central Ostrobothnia,61105,Finland,"71,247.00"
Oğuzhan Solmaz,oguzhan.solmaz@example.com (Valid),(616)-866-6025 (Invalid),male (Valid),78 (Valid),1945-11-23 (Valid),6827 Necatibey Cd,Muğla,Kahramanmaraş,68601,Turkey,"61,140.00"
Marina Srejović,marina.srejovic@example.com (Valid),027-6034-372 (Invalid),female (Valid),45 (Valid),1979-03-24 (Valid),1015 Porodice Stojanović,Vladimirci,Kosovo,56309,Serbia,"95,786.00"
Svyatopolk Charnish,svyatopolk.charnish@example.com (Valid),(067) T10-7998 (Invalid),male (Valid),46 (Valid),1978-01-28 (Valid),8056 Podolinskogo,Pochayiv,Volinska,74442,Ukraine,"103,247.00"
Selma Nielsen,selma.nielsen@example.com (Valid),24154741 (Invalid),female (Valid),76 (Valid),1947-12-17 (Valid),4896 Byvangen,Esbjerg V,Hovedstaden,29290,Denmark,"35,384.00"
César Saldivar,cesar.saldivar@example.com (Valid),(665) 740 3672 (Invalid),male (Valid),52 (Valid),1971-11-04 (Valid),1885 Avenida Angola,Kaua,Tlaxcala,87394,Mexico,"33,811.00"
Abdullah Klotz,abdullah.klotz@example.com (Valid),0732-8213577 (Invalid),male (Valid),49 (Valid),1975-07-16 (Valid),6590 Lerchenweg,Hemmoor,Mecklenburg-Vorpommern,45477,Germany,"30,754.00"
Anton Jensen,anton.jensen@example.com (Valid),95323631 (Invalid),male (Valid),68 (Valid),1956-05-31 (Valid),8626 Grønlandsvej,Jerslev Sj,Nordjylland,35375,Denmark,"100,314.00"
Emma Haapala,emma.haapala@example.com (Valid),03-894-717 (Invalid),female (Valid),26 (Valid),1997-11-01 (Valid),9744 Rotuaari,Heinävesi,Åland,69193,Finland,"43,308.00"
Byron Dean,byron.dean@example.com (Valid),(660) 260-4144 (Invalid),male (Valid),33 (Valid),1991-07-14 (Valid),7350 Fairview St,Mesa,Virginia,68785,United States,"64,476.00"
Prisha Bhardwaj,prisha.bhardwaj@example.com (Valid),8438162508 (Invalid),female (Valid),50 (Valid),1973-11-16 (Valid),9294 Rasta Peth,Hyderabad,Uttarakhand,62610,India,"82,415.00"
Korneliya Bosenko,korneliya.bosenko@example.com (Valid),(066) R79-6337 (Invalid),female (Valid),67 (Valid),1956-12-25 (Valid),132 Vershnicka,Bibrka,Hmelnicka,58497,Ukraine,"106,899.00"
Emil Nooijen,emil.nooijen@example.com (Valid),(0151) 360630 (Invalid),male (Valid),35 (Valid),1989-03-25 (Valid),5507 Antoon Kerssemakersstraat,Baaium,Utrecht,1915 NO,Netherlands,"95,907.00"
Emmi Ruona,emmi.ruona@example.com (Valid),06-364-807 (Invalid),female (Valid),25 (Valid),1998-12-23 (Valid),2495 Visiokatu,Kumlinge,Northern Ostrobothnia,95551,Finland,"118,457.00"
Camila Melgar,camila.melgar@example.com (Valid),(694) 851 6273 (Invalid),female (Valid),49 (Valid),1975-07-26 (Valid),1832 Calle Valle,Yautepec,Tabasco,42649,Mexico,"48,601.00"
Evelyn Brown,evelyn.brown@example.com (Valid),(598)-603-8430 (Invalid),female (Valid),54 (Valid),1969-12-12 (Valid),5477 Glenfield Road,Christchurch,Northland,96514,New Zealand,"63,015.00"
Léonard Joly,leonard.joly@example.com (Valid),03-79-60-99-75 (Invalid),male (Valid),33 (Valid),1990-12-28 (Valid),1471 Grande Rue,Nanterre,Alpes-Maritimes,84915,France,"75,206.00"
Chris Mcdonalid,chris.mcdonalid@example.com (Valid),05-6831-2779 (Invalid),male (Valid),56 (Valid),1967-11-29 (Valid),4853 Lovers Ln,Sunshine Coast,Tasmania,7053,Australia,"96,299.00"
Manfred Andre,manfred.andre@example.com (Valid),078 922 02 91 (Invalid),male (Valid),51 (Valid),1973-05-25 (Valid),310 Rue Bossuet,Wagenhausen,Appenzell Innerrhoden,5997,Switzerland,"60,664.00"
Natalie Lee,natalie.lee@example.com (Valid),(641)-254-2162 (Invalid),female (Valid),77 (Valid),1947-03-29 (Valid),7020 Russell Street,Dunedin,Marlborough,61182,New Zealand,"41,946.00"
Justice Dees,justice.dees@example.com (Valid),(0707) 159981 (Invalid),male (Valid),51 (Valid),1972-12-03 (Valid),1922 Hof van Colmschate,Heveadorp,Zeeland,3534 PZ,Netherlands,"49,720.00"
Sander Christiansen,sander.christiansen@example.com (Valid),42778815 (Invalid),male (Valid),52 (Valid),1972-05-01 (Valid),2097 Ringparken,Sommersted,Midtjylland,16453,Denmark,"116,949.00"
Genesis Nelson,genesis.nelson@example.com (Valid),(388) 373-5759 (Invalid),female (Valid),57 (Valid),1967-07-15 (Valid),1770 First Street,Lewiston,Delaware,60143,United States,"97,837.00"
Gabriel Torres,gabriel.torres@example.com (Valid),941-775-782 (Invalid),male (Valid),70 (Valid),1954-10-10 (Valid),3128 Calle de Ángel García,Torrente,País Vasco,21261,Spain,"32,113.00"
Berilo da Rosa,berilo.darosa@example.com (Valid),(64) 6653-0117 (Invalid),male (Valid),30 (Valid),1994-04-20 (Valid),9793 Rua Doze ,Juazeiro,Ceará,55176,Brazil,"31,990.00"
Kaya Tekand,kaya.tekand@example.com (Valid),(182)-702-5112 (Invalid),male (Valid),48 (Valid),1976-09-25 (Valid),3235 Kushimoto Sk,Siirt,Çankırı,36898,Turkey,"31,337.00"
Amos Wals,amos.wals@example.com (Valid),(0259) 846512 (Invalid),male (Valid),52 (Valid),1972-04-12 (Valid),477 De Ponder,Sint Nicolaasga,Noord-Holland,3494 ZP,Netherlands,"77,857.00"
Panteleymon Zub,panteleymon.zub@example.com (Valid),(098) I99-9461 (Invalid),male (Valid),54 (Valid),1970-02-01 (Valid),966 Marka Cheremshini,Blagovishchenske,Ivano-Frankivska,16398,Ukraine,"33,671.00"
Victor Grewal,victor.grewal@example.com (Valid),Y37 F97-8503 (Invalid),male (Valid),28 (Valid),1996-08-05 (Valid),1489 Lakeview Ave,Selkirk,Northwest Territories,W2H 7K2,Canada,"109,571.00"
Sedat Heide,sedat.heide@example.com (Valid),0294-2018691 (Invalid),male (Valid),62 (Valid),1962-01-01 (Valid),4058 Blumenstraße,Leutershausen,Niedersachsen,80272,Germany,"48,326.00"
Friedrich Marie,friedrich.marie@example.com (Valid),075 784 08 78 (Invalid),male (Valid),24 (Valid),2000-07-16 (Valid),7407 Rue Bossuet,Buchillon,Jura,9762,Switzerland,"87,119.00"
محیا رضاییان,mhy.rdyyn@example.com (Valid),085-33148992 (Invalid),female (Valid),59 (Valid),1965-02-02 (Valid),8483 کمیل,کاشان,خراسان رضوی,67141,Iran,"103,770.00"
Eliott Guillot,eliott.guillot@example.com (Valid),02-09-56-36-58 (Invalid),male (Valid),58 (Valid),1966-05-02 (Valid),3975 Place des 44 Enfants D'Izieu,Caen,Rhône,31116,France,"44,800.00"
Malathy Gatty,malathy.gatty@example.com (Valid),7106976757 (Invalid),female (Valid),55 (Valid),1969-02-20 (Valid),5979 Sampige Rd,Belgaum,Dadra and Nagar Haveli,61339,India,"108,100.00"
Seraina Gauthier,seraina.gauthier@example.com (Valid),076 501 82 86 (Invalid),female (Valid),75 (Valid),1949-09-14 (Valid),4064 Avenue Debourg,Menznau,Schaffhausen,8544,Switzerland,"67,931.00"
كيان صدر,kyn.sdr@example.com (Valid),051-57499235 (Invalid),male (Valid),24 (Valid),2000-06-11 (Valid),217 آزادی,کرج,البرز,28950,Iran,"43,967.00"
Katherine Moreno,katherine.moreno@example.com (Valid),07-9101-0097 (Invalid),female (Valid),32 (Valid),1992-01-29 (Valid),618 Thornridge Cir,Rockhampton,Western Australia,5528,Australia,"101,971.00"
Serenity Harvey,serenity.harvey@example.com (Valid),(379) 676-1246 (Invalid),female (Valid),51 (Valid),1972-12-01 (Valid),8498 Harrison Ct,San Mateo,Wyoming,75881,United States,"96,036.00"
Isabel Kumar,isabel.kumar@example.com (Valid),(779)-970-6193 (Invalid),female (Valid),54 (Valid),1970-02-16 (Valid),1336 Victoria Avenue,Upper Hutt,Tasman,46934,New Zealand,"81,038.00"
Jack Gilbert,jack.gilbert@example.com (Valid),00-8535-1041 (Invalid),male (Valid),39 (Valid),1985-10-01 (Valid),1895 Harrison Ct,Nowra,Northern Territory,4233,Australia,"47,893.00"
Elisabeth Mühlbauer,elisabeth.muhlbauer@example.com (Valid),0681-9058614 (Invalid),female (Valid),48 (Valid),1976-09-26 (Valid),5934 Kiefernweg,Kamp-Lintfort,Mecklenburg-Vorpommern,70272,Germany,"39,842.00"
محمد علیزاده,mhmd.aalyzdh@example.com (Valid),094-94905564 (Invalid),male (Valid),75 (Valid),1949-06-30 (Valid),4764 شهید رحمانی,یزد,لرستان,68904,Iran,"32,555.00"
Sofia Wiitala,sofia.wiitala@example.com (Valid),06-792-467 (Invalid),female (Valid),54 (Valid),1970-01-08 (Valid),3734 Pirkankatu,Keuruu,Päijät-Häme,40374,Finland,"59,602.00"
Cilli Gronau,cilli.gronau@example.com (Valid),0959-3992766 (Invalid),female (Valid),30 (Valid),1994-09-01 (Valid),2391 Wiesenweg,Speicher (Eifel),Hamburg,11597,Germany,"117,767.00"
Maksymilian Sandvoll,maksymilian.sandvoll@example.com (Valid),51231964 (Invalid),male (Valid),46 (Valid),1978-06-07 (Valid),6618 Majorstuveien,Glomstein,Nord-Trøndelag,0214,Norway,"70,191.00"
Darryl Pearson,darryl.pearson@example.com (Valid),071-741-9114 (Invalid),male (Valid),40 (Valid),1983-12-26 (Valid),4458 Church Road,Clane,Cork City,27739,Ireland,"119,386.00"
Luka Girard,luka.girard@example.com (Valid),01-11-06-66-02 (Invalid),male (Valid),68 (Valid),1956-03-30 (Valid),7445 Rue de la Barre,Avignon,Jura,13836,France,"71,955.00"
Douglas Alexander,douglas.alexander@example.com (Valid),05-8541-0554 (Invalid),male (Valid),45 (Valid),1979-03-18 (Valid),2115 W Campbell Ave,Tamworth,Queensland,8580,Australia,"78,551.00"
Adrijana Golubović,adrijana.golubovic@example.com (Valid),024-4231-380 (Invalid),female (Valid),50 (Valid),1974-02-04 (Valid),1193 Ljube Rankovića,Rača,Braničevo,30634,Serbia,"48,310.00"
Rudolfo da Rocha,rudolfo.darocha@example.com (Valid),(75) 6995-4939 (Invalid),male (Valid),64 (Valid),1960-02-04 (Valid),1620 Rua Sete de Setembro ,Bragança Paulista,Sergipe,53562,Brazil,"47,657.00"
Nancy Quiñones,nancy.quinones@example.com (Valid),(660) 870 0603 (Invalid),female (Valid),45 (Valid),1979-04-02 (Valid),3595 Andador Soria,San Felipe del Progreso,Estado de Mexico,54164,Mexico,"101,154.00"
Kayla Snyder,kayla.snyder@example.com (Valid),017687 13431 (Invalid),female (Valid),64 (Valid),1959-12-14 (Valid),671 Park Lane,Kingston upon Hull,Dumfries and Galloway,RL4 6JB,United Kingdom,"101,632.00"
James Graves,james.graves@example.com (Valid),015242 77963 (Invalid),male (Valid),29 (Valid),1995-07-26 (Valid),9838 Alexander Road,Canterbury,West Sussex,CL45 7NP,United Kingdom,"101,793.00"
Mahmut Zeitler,mahmut.zeitler@example.com (Valid),0936-2743017 (Invalid),male (Valid),49 (Valid),1975-10-03 (Valid),9790 Jahnstraße,Strausberg,Rheinland-Pfalz,31333,Germany,"68,860.00"
Ofelia Riojas,ofelia.riojas@example.com (Valid),(676) 416 4869 (Invalid),female (Valid),59 (Valid),1965-04-24 (Valid),7432 Privada Italia,Coamiles,Tlaxcala,75263,Mexico,"51,114.00"
Heidi Renaud,heidi.renaud@example.com (Valid),075 939 65 26 (Invalid),female (Valid),79 (Valid),1945-01-23 (Valid),3573 Place de la Mairie,Frauenkappelen,Appenzell Innerrhoden,1740,Switzerland,"50,860.00"
Aza Hilchevskiy,aza.hilchevskiy@example.com (Valid),(067) E47-3172 (Invalid),female (Valid),78 (Valid),1946-04-07 (Valid),6886 Vilshanskiy provulok,Gluhiv,Zaporizka,76885,Ukraine,"59,943.00"
Daniel Kurtti,daniel.kurtti@example.com (Valid),02-820-366 (Invalid),male (Valid),49 (Valid),1974-12-14 (Valid),5437 Satakennankatu,Lempäälä,Kymenlaakso,48627,Finland,"73,520.00"
مارال مرادی,mrl.mrdy@example.com (Valid),016-94101846 (Invalid),female (Valid),23 (Valid),2001-01-05 (Valid),7732 دکتر مفتح,پاکدشت,خراسان شمالی,75967,Iran,"50,761.00"
Boris Ognjanović,boris.ognjanovic@example.com (Valid),025-0960-769 (Invalid),male (Valid),39 (Valid),1985-06-23 (Valid),7448 Velislava Vulovića,Velika Plana,West Bačka,43335,Serbia,"51,929.00"
Andrés Menéndez,andres.menendez@example.com (Valid),(628) 066 4381 (Invalid),male (Valid),50 (Valid),1974-10-11 (Valid),4087 Viaducto Cuba,Ej. Dr. Alberto Oviedo M.(Indiv,Michoacan,71665,Mexico,"80,259.00"
Janet Carroll,janet.carroll@example.com (Valid),01299 58658 (Invalid),female (Valid),62 (Valid),1962-04-08 (Valid),1991 Grove Road,Portsmouth,Strathclyde,CC3J 0EX,United Kingdom,"30,755.00"
Emilie Larsen,emilie.larsen@example.com (Valid),07950231 (Invalid),female (Valid),63 (Valid),1961-03-11 (Valid),9078 Lindevænget,Kongsvinger,Syddanmark,90373,Denmark,"32,918.00"
Joseph Li,joseph.li@example.com (Valid),(002)-449-4409 (Invalid),male (Valid),72 (Valid),1952-06-18 (Valid),4336 Port Hills Road,Rotorua,Wellington,11167,New Zealand,"110,011.00"
Mathis Martin,mathis.martin@example.com (Valid),S65 X66-3181 (Invalid),male (Valid),50 (Valid),1973-11-12 (Valid),5592 Elgin St,Charlottetown,Northwest Territories,E6T 3A4,Canada,"35,504.00"
Luisa Aguilar,luisa.aguilar@example.com (Valid),912-622-230 (Invalid),female (Valid),39 (Valid),1984-12-03 (Valid),5962 Calle de La Almudena,Cuenca,Asturias,79512,Spain,"104,728.00"
Navami Shroff,navami.shroff@example.com (Valid),8212504858 (Invalid),female (Valid),25 (Valid),1999-03-20 (Valid),3104 Naiduthota,Satna,Tripura,21719,India,"119,163.00"
Dan Ross,dan.ross@example.com (Valid),041-953-0846 (Invalid),male (Valid),62 (Valid),1962-10-02 (Valid),8831 Park Road,Ballybofey-Stranorlar,Cavan,49211,Ireland,"103,567.00"
Zilan Panis,zilan.panis@example.com (Valid),(0339) 703487 (Invalid),female (Valid),63 (Valid),1961-02-08 (Valid),1840 Cornelis Groenplantsoen,Appingedam,Groningen,5162 PE,Netherlands,"53,300.00"
Israel Barrios,israel.barrios@example.com (Valid),(620) 717 0039 (Invalid),male (Valid),43 (Valid),1980-11-17 (Valid),1866 Prolongación Libia,Santiago Jamiltepec,Coahuila,61082,Mexico,"67,128.00"
Eva Omahony,eva.omahony@example.com (Valid),031-450-3067 (Invalid),female (Valid),23 (Valid),2000-12-16 (Valid),2103 Park Avenue,Carlow,Monaghan,47585,Ireland,"90,718.00"
Nelly Rodríguez,nelly.rodriguez@example.com (Valid),(642) 969 5406 (Invalid),male (Valid),54 (Valid),1969-12-18 (Valid),9691 Calle Valle,Linares,Nuevo Leon,16649,Mexico,"57,321.00"
Herminia Holmes,herminia.holmes@example.com (Valid),07-3741-0816 (Invalid),female (Valid),48 (Valid),1976-02-23 (Valid),2222 Lakeshore Rd,Maitland,Victoria,2954,Australia,"118,877.00"
Josefine Johansen,josefine.johansen@example.com (Valid),42626218 (Invalid),female (Valid),71 (Valid),1953-10-08 (Valid),6889 Pilevangen,København N,Nordjylland,35739,Denmark,"64,623.00"
Tony Cooper,tony.cooper@example.com (Valid),04-5692-2108 (Invalid),male (Valid),60 (Valid),1964-05-19 (Valid),6551 Fincher Rd,Gladstone,Australian Capital Territory,5982,Australia,"99,837.00"
Demilde Souza,demilde.souza@example.com (Valid),(36) 8374-0882 (Invalid),female (Valid),41 (Valid),1983-06-08 (Valid),2698 Rua Quatro,Alvorada,Piauí,64649,Brazil,"111,804.00"
Gabrielle Hubert,gabrielle.hubert@example.com (Valid),01-89-64-83-29 (Invalid),female (Valid),36 (Valid),1988-03-30 (Valid),5850 Avenue du Fort-Caire,Pau,Ardèche,69398,France,"50,380.00"
Leanne Gagnon,leanne.gagnon@example.com (Valid),N38 D82-4744 (Invalid),female (Valid),64 (Valid),1960-03-20 (Valid),6971 Peel St,Vanier,New Brunswick,W0A 5L4,Canada,"39,194.00"
Aatu Harju,aatu.harju@example.com (Valid),03-914-514 (Invalid),male (Valid),58 (Valid),1966-03-28 (Valid),9599 Aleksanterinkatu,Äänekoski,Uusimaa,82178,Finland,"114,102.00"
Athanasios Mitschke,athanasios.mitschke@example.com (Valid),0640-8705264 (Invalid),male (Valid),47 (Valid),1977-03-27 (Valid),7910 Lessingstraße,Ortrand,Nordrhein-Westfalen,47318,Germany,"38,682.00"
Hélèna Charles,helena.charles@example.com (Valid),03-17-46-87-34 (Invalid),female (Valid),32 (Valid),1991-11-27 (Valid),1657 Rue Louis-Blanqui,Pau,Bas-Rhin,15032,France,"116,146.00"
Elouan Dupuis,elouan.dupuis@example.com (Valid),05-36-90-64-22 (Invalid),male (Valid),23 (Valid),2000-11-27 (Valid),2251 Rue de la Gare,Colombes,Côtes-D'Armor,10483,France,"46,434.00"
Bastien Legrand,bastien.legrand@example.com (Valid),04-43-32-77-55 (Invalid),male (Valid),58 (Valid),1965-12-01 (Valid),3015 Avenue Tony-Garnier,Saint-Pierre,Eure,66312,France,"119,152.00"
Lydia Heinisch,lydia.heinisch@example.com (Valid),0740-6541299 (Invalid),female (Valid),53 (Valid),1971-03-28 (Valid),941 Goethestraße,Buchloe,Thüringen,61524,Germany,"73,173.00"
Molly Evans,molly.evans@example.com (Valid),(081)-827-9201 (Invalid),female (Valid),45 (Valid),1979-03-22 (Valid),9342 Karangahape Road,Whanganui,Auckland,63383,New Zealand,"111,974.00"
Cristina Tejada,cristina.tejada@example.com (Valid),(634) 861 8642 (Invalid),female (Valid),48 (Valid),1975-12-15 (Valid),521 Prolongación Norte Coronado,San Bartolomé Cuahuixmatlac,Sonora,87485,Mexico,"101,198.00"
Iwan Gonzalez,iwan.gonzalez@example.com (Valid),079 853 46 55 (Invalid),male (Valid),76 (Valid),1948-08-21 (Valid),5971 Rue Barrier,Bardonnex,Basel-Stadt,2678,Switzerland,"48,874.00"
Veeti Aalto,veeti.aalto@example.com (Valid),07-256-763 (Invalid),male (Valid),72 (Valid),1952-08-20 (Valid),9497 Pispalan Valtatie,Merikarvia,Kymenlaakso,49522,Finland,"114,233.00"
Mallika Prabhu,mallika.prabhu@example.com (Valid),9824003745 (Invalid),female (Valid),62 (Valid),1962-01-26 (Valid),6498 Gali Paranthe Wali,Dhule,Chhattisgarh,34838,India,"38,058.00"
مرسانا سالاری,mrsn.slry@example.com (Valid),028-71818189 (Invalid),female (Valid),32 (Valid),1992-03-27 (Valid),9387 میدان استقلال,ورامین,گیلان,45527,Iran,"42,033.00"
Ljiljana Radivojević,ljiljana.radivojevic@example.com (Valid),018-6248-220 (Invalid),female (Valid),67 (Valid),1957-10-19 (Valid),4478 Anke Obrenović ,Bogatić,South Banat,91061,Serbia,"47,679.00"
Aprígio Oliveira,aprigio.oliveira@example.com (Valid),(61) 9861-9562 (Invalid),male (Valid),33 (Valid),1991-02-12 (Valid),3629 Rua Vinte E Quatro de Outubro,Itaguaí,Rondônia,43491,Brazil,"104,324.00"
Tom Carter,tom.carter@example.com (Valid),(837) 769-7510 (Invalid),male (Valid),78 (Valid),1946-01-27 (Valid),9526 W Gray St,Cape Coral,Kentucky,27760,United States,"88,019.00"
Lewis Morris,lewis.morris@example.com (Valid),(022)-905-2379 (Invalid),male (Valid),77 (Valid),1947-03-02 (Valid),9603 Rattray Street,Nelson,Bay of Plenty,51327,New Zealand,"99,908.00"
Nooa Saarinen,nooa.saarinen@example.com (Valid),02-238-640 (Invalid),male (Valid),32 (Valid),1991-12-22 (Valid),4935 Fredrikinkatu,Hammarland,North Karelia,72319,Finland,"80,743.00"
Wendolin Escobar,wendolin.escobar@example.com (Valid),(671) 909 7510 (Invalid),male (Valid),45 (Valid),1979-06-24 (Valid),7498 Peatonal Norte Jurado,Telixtac,Chiapas,76810,Mexico,"46,830.00"
Charlotte Fortin,charlotte.fortin@example.com (Valid),W64 Z07-4922 (Invalid),female (Valid),80 (Valid),1944-09-11 (Valid),4627 Tecumseh Rd,Charlottetown,Prince Edward Island,H1T 4Z0,Canada,"99,488.00"
Begüm Hamzaoğlu,begum.hamzaoglu@example.com (Valid),(152)-407-1567 (Invalid),female (Valid),39 (Valid),1985-09-18 (Valid),5784 Filistin Cd,Tunceli,Bilecik,11013,Turkey,"98,461.00"
Ernesto Caballero,ernesto.caballero@example.com (Valid),980-035-544 (Invalid),male (Valid),43 (Valid),1981-05-03 (Valid),984 Paseo de Extremadura,Burgos,Aragón,98116,Spain,"88,202.00"
Sofija Stepanović,sofija.stepanovic@example.com (Valid),017-6028-329 (Invalid),female (Valid),36 (Valid),1988-09-17 (Valid),7142 Porodice Nedeljković,Preševo,Pomoravlje,45336,Serbia,"101,440.00"
Friedrich Jürgensen,friedrich.jurgensen@example.com (Valid),0450-7285859 (Invalid),male (Valid),71 (Valid),1953-07-11 (Valid),4462 Drosselweg,Grafing Bei München,Berlin,78464,Germany,"46,980.00"
Souhail Sommer,souhail.sommer@example.com (Valid),(012) 5419383 (Invalid),male (Valid),39 (Valid),1984-12-10 (Valid),8814 Govaart Thielen Akker,'s-Gravenzande,Limburg,4508 OC,Netherlands,"49,382.00"
Miranda Riviere,miranda.riviere@example.com (Valid),078 118 52 88 (Invalid),female (Valid),71 (Valid),1953-08-09 (Valid),5816 Rue Louis-Garrand,Feusisberg,Fribourg,2400,Switzerland,"42,291.00"
Ines Laurent,ines.laurent@example.com (Valid),076 105 74 81 (Invalid),female (Valid),62 (Valid),1962-06-13 (Valid),2126 Rue Desaix,Birrwil,Uri,9228,Switzerland,"56,340.00"
Mikkel Mortensen,mikkel.mortensen@example.com (Valid),85454365 (Invalid),male (Valid),79 (Valid),1945-06-15 (Valid),3196 Christian Winthers Vej,Branderup J,Hovedstaden,70617,Denmark,"36,641.00"
Ryan Jones,ryan.jones@example.com (Valid),G88 U52-0176 (Invalid),male (Valid),60 (Valid),1964-01-21 (Valid),9130 22nd Ave,Inwood,Ontario,K4E 6H0,Canada,"56,574.00"
Lea Sørensen,lea.sorensen@example.com (Valid),61071832 (Invalid),female (Valid),53 (Valid),1971-02-22 (Valid),2215 Egeparken,"Ulsted, Hals",Hovedstaden,54204,Denmark,"34,554.00"
Lourdes Strijbos,lourdes.strijbos@example.com (Valid),(0686) 650841 (Invalid),female (Valid),35 (Valid),1989-07-15 (Valid),2844 Huchten,Langelo,Flevoland,7588 RA,Netherlands,"63,396.00"
Louane Schmitt,louane.schmitt@example.com (Valid),04-95-60-96-30 (Invalid),female (Valid),23 (Valid),2001-01-16 (Valid),5324 Rue du 8 Mai 1945,Toulon,Indre-et-Loire,40288,France,"119,693.00"
Mikaela Osmani,mikaela.osmani@example.com (Valid),38684440 (Invalid),female (Valid),25 (Valid),1998-11-26 (Valid),9538 Sørsvingen,Byglandsfjord,Buskerud,1723,Norway,"78,566.00"
Krish Jain,krish.jain@example.com (Valid),8896228727 (Invalid),male (Valid),25 (Valid),1999-02-04 (Valid),6418 Bhootnath Rd,Kolkata,Andaman and Nicobar Islands,87861,India,"31,897.00"
Janos Scheuermann,janos.scheuermann@example.com (Valid),0988-5125473 (Invalid),male (Valid),45 (Valid),1979-02-22 (Valid),4749 Neue Straße,Rötha,Sachsen-Anhalt,96951,Germany,"101,876.00"
Rosalyn Jenkins,rosalyn.jenkins@example.com (Valid),051-300-1572 (Invalid),female (Valid),70 (Valid),1954-04-17 (Valid),4772 Henry Street,Maynooth,Cork City,81661,Ireland,"40,630.00"
Diana Hunter,diana.hunter@example.com (Valid),015242 87413 (Invalid),female (Valid),61 (Valid),1963-02-14 (Valid),5942 North Road,Truro,Greater Manchester,I4 0WD,United Kingdom,"61,034.00"
Avtonom Shten,avtonom.shten@example.com (Valid),(099) A98-8752 (Invalid),male (Valid),69 (Valid),1955-08-19 (Valid),3926 Kazanska,Lanivci,Odeska,35451,Ukraine,"65,199.00"
Marin Fernandez,marin.fernandez@example.com (Valid),03-55-97-65-85 (Invalid),male (Valid),24 (Valid),2000-07-12 (Valid),9854 Place de L'Abbé-Franz-Stock,Colombes,Hérault,71588,France,"74,563.00"
Monica Fabre,monica.fabre@example.com (Valid),075 765 33 11 (Invalid),female (Valid),70 (Valid),1954-07-13 (Valid),7330 Rue Duguesclin,Lumnezia,Schwyz,3070,Switzerland,"34,520.00"
Gaspard Noel,gaspard.noel@example.com (Valid),02-19-24-81-87 (Invalid),male (Valid),59 (Valid),1965-02-21 (Valid),6327 Rue de L'Abbé-Grégoire,Tours,Haute-Garonne,10638,France,"82,920.00"
Kitty Brooks,kitty.brooks@example.com (Valid),03-6824-7767 (Invalid),female (Valid),57 (Valid),1967-04-13 (Valid),9072 Edwards Rd,Gladstone,New South Wales,5969,Australia,"116,811.00"
Adam Simmons,adam.simmons@example.com (Valid),061-269-4586 (Invalid),male (Valid),40 (Valid),1983-12-16 (Valid),9320 Grove Road,Rush,Laois,37219,Ireland,"106,588.00"
Abril Oquendo,abril.oquendo@example.com (Valid),(639) 514 9314 (Invalid),female (Valid),33 (Valid),1991-09-24 (Valid),8364 Privada Italia,San Vicente Palapa,Sinaloa,36245,Mexico,"60,500.00"
Justin Joly,justin.joly@example.com (Valid),03-73-10-83-66 (Invalid),male (Valid),77 (Valid),1947-02-12 (Valid),3466 Rue Barrier,Aulnay-sous-Bois,Puy-de-Dôme,53769,France,"37,208.00"
Divya Saldanha,divya.saldanha@example.com (Valid),7440717272 (Invalid),female (Valid),77 (Valid),1947-03-27 (Valid),1621 Chimanlal Girdharlal Rd,Erode,Delhi,71239,India,"75,092.00"
Ludmila Uzelac,ludmila.uzelac@example.com (Valid),021-5594-065 (Invalid),female (Valid),67 (Valid),1957-01-12 (Valid),5523 Aleksandra Đorđevića,Čačak,Šumadija,29150,Serbia,"45,311.00"
Adolfo Ortiz,adolfo.ortiz@example.com (Valid),926-928-351 (Invalid),male (Valid),55 (Valid),1969-02-18 (Valid),5386 Calle de Atocha,Vigo,Comunidad Valenciana,39168,Spain,"65,132.00"
Maeva Roy,maeva.roy@example.com (Valid),W25 V68-3395 (Invalid),female (Valid),66 (Valid),1958-10-21 (Valid),3555 Alfred St,Campbellton,Alberta,F8I 7E8,Canada,"117,853.00"
Ahmet Topaloğlu,ahmet.topaloglu@example.com (Valid),(977)-638-5533 (Invalid),male (Valid),34 (Valid),1989-12-10 (Valid),3190 Kushimoto Sk,Karabük,Kocaeli,69874,Turkey,"35,194.00"
Pippa Hall,pippa.hall@example.com (Valid),(522)-361-9077 (Invalid),female (Valid),45 (Valid),1979-05-12 (Valid),2883 Taieri Road,Whangarei,Wellington,13174,New Zealand,"94,119.00"
Bratislav Zaklinskiy,bratislav.zaklinskiy@example.com (Valid),(096) I74-2841 (Invalid),male (Valid),32 (Valid),1992-03-20 (Valid),9646 Dachna,Chuguyiv,Hmelnicka,44824,Ukraine,"107,428.00"
Irma Regalado,irma.regalado@example.com (Valid),(669) 379 1906 (Invalid),female (Valid),41 (Valid),1983-07-06 (Valid),9881 Boulevard Cabo Verde,Mixquiahuala,Aguascalientes,93086,Mexico,"43,364.00"
Flora Cardoso,flora.cardoso@example.com (Valid),(43) 5108-2735 (Invalid),female (Valid),76 (Valid),1947-12-12 (Valid),6273 Rua Dezenove de Outubro,Belford Roxo,Sergipe,87899,Brazil,"100,576.00"
Bradley Carter,bradley.carter@example.com (Valid),016974 86925 (Invalid),male (Valid),62 (Valid),1962-01-18 (Valid),620 Kings Road,Plymouth,Isle of Wight,Y3 0DZ,United Kingdom,"56,811.00"
Anabela Roy,anabela.roy@example.com (Valid),078 355 24 60 (Invalid),female (Valid),28 (Valid),1995-12-29 (Valid),3775 Rue de L'Abbé-Patureau,Beggingen,Appenzell Innerrhoden,7260,Switzerland,"77,578.00"
Irina Kojić,irina.kojic@example.com (Valid),016-2141-641 (Invalid),female (Valid),40 (Valid),1984-03-30 (Valid),8970 Lole Ribara,Novi Bečej,Pomoravlje,38783,Serbia,"71,783.00"
Katherine Bailey,katherine.bailey@example.com (Valid),06-2795-2327 (Invalid),female (Valid),52 (Valid),1972-09-10 (Valid),5060 Karen Dr,Geelong,South Australia,9899,Australia,"114,659.00"
Sylvia Michaelis,sylvia.michaelis@example.com (Valid),0612-6164864 (Invalid),female (Valid),76 (Valid),1948-05-13 (Valid),3803 Kirchplatz,Göppingen,Rheinland-Pfalz,29854,Germany,"33,924.00"
Rafaél Saldivar,rafael.saldivar@example.com (Valid),(608) 092 6738 (Invalid),male (Valid),30 (Valid),1994-07-09 (Valid),961 Prolongación Norte Serna,San Pablo Pejo (San Pablo),Tabasco,13742,Mexico,"97,744.00"
Laura Jensen,laura.jensen@example.com (Valid),76243645 (Invalid),female (Valid),64 (Valid),1960-06-28 (Valid),4166 Bjarkesvej,Bælum,Hovedstaden,58417,Denmark,"110,011.00"
Bettina Krebs,bettina.krebs@example.com (Valid),0128-9166530 (Invalid),female (Valid),44 (Valid),1980-02-12 (Valid),4084 Kastanienweg,Märkisch Buchholz,Baden-Württemberg,87895,Germany,"83,806.00"
Inés Yáñez,ines.yanez@example.com (Valid),(692) 449 7759 (Invalid),female (Valid),56 (Valid),1968-02-14 (Valid),8262 Avenida Angola,Nanacamilpa,Quintana Roo,16640,Mexico,"111,140.00"
آوا یاسمی,aw.ysmy@example.com (Valid),071-37956323 (Invalid),female (Valid),23 (Valid),2001-01-22 (Valid),6428 دکتر فاطمی,ورامین,هرمزگان,35683,Iran,"71,475.00"
Ella Nielsen,ella.nielsen@example.com (Valid),71672380 (Invalid),female (Valid),70 (Valid),1954-09-04 (Valid),9058 Højtoften,Agerbæk,Danmark,52049,Denmark,"99,675.00"
Melina RatkovićRistić,melina.ratkovicristic@example.com (Valid),036-0437-900 (Invalid),female (Valid),44 (Valid),1979-11-27 (Valid),8898 Moravska,Bojnik,Kolubara,60403,Serbia,"63,476.00"
Lea Christiansen,lea.christiansen@example.com (Valid),00216691 (Invalid),female (Valid),67 (Valid),1957-08-26 (Valid),9990 Hjejlevej,Haslev,Midtjylland,22387,Denmark,"62,511.00"
Nayda Pidruchniy,nayda.pidruchniy@example.com (Valid),(068) G31-1963 (Invalid),female (Valid),42 (Valid),1982-08-28 (Valid),5647 Yaslinska,Lanivci,Volinska,59316,Ukraine,"81,177.00"
Asmee Prabhakaran,asmee.prabhakaran@example.com (Valid),9478209652 (Invalid),female (Valid),39 (Valid),1984-11-13 (Valid),264 Dadabhai Naoroji Rd,Bhilai,Goa,46536,India,"102,083.00"
Maxwell Wheeler,maxwell.wheeler@example.com (Valid),0119224 462 5710 (Invalid),male (Valid),56 (Valid),1967-11-17 (Valid),6570 Mill Road,Preston,County Armagh,FH8H 5FE,United Kingdom,"66,074.00"
Leevi Nurmi,leevi.nurmi@example.com (Valid),09-644-775 (Invalid),male (Valid),71 (Valid),1952-11-30 (Valid),1804 Hämeenkatu,Vehmaa,Satakunta,37400,Finland,"89,582.00"
Nora Caron,nora.caron@example.com (Valid),079 264 46 00 (Invalid),female (Valid),54 (Valid),1970-10-22 (Valid),6641 Montée Saint-Barthélémy,Aedermannsdorf,Obwalden,2327,Switzerland,"99,784.00"
Caroline Wade,caroline.wade@example.com (Valid),071-709-7022 (Invalid),female (Valid),79 (Valid),1944-11-13 (Valid),9333 O'Connell Street,Carrigaline,Wicklow,34610,Ireland,"100,151.00"
Karl Morgan,karl.morgan@example.com (Valid),071-812-0655 (Invalid),male (Valid),77 (Valid),1947-03-30 (Valid),2704 South Street,Listowel,Kerry,28844,Ireland,"93,541.00"
ثنا یاسمی,thn.ysmy@example.com (Valid),048-25850427 (Invalid),female (Valid),52 (Valid),1972-05-18 (Valid),5090 بلال حبشی,گلستان,بوشهر,72124,Iran,"78,842.00"
Marilyn Chambers,marilyn.chambers@example.com (Valid),06-4908-9558 (Invalid),female (Valid),50 (Valid),1974-05-09 (Valid),4427 Westheimer Rd,Darwin,South Australia,4512,Australia,"88,997.00"
Nelly Arguello,nelly.arguello@example.com (Valid),(679) 298 4067 (Invalid),female (Valid),60 (Valid),1964-09-16 (Valid),7405 Prolongación Sinaloa,Juchitepec,Baja California Sur,20954,Mexico,"85,837.00"
Jonás Narváez,jonas.narvaez@example.com (Valid),(688) 982 3795 (Invalid),male (Valid),67 (Valid),1957-04-27 (Valid),1987 Avenida Sur Barreto,San Andrés Huaxpaltepec,Nayarit,10037,Mexico,"93,263.00"
Kübra Öymen,kubra.oymen@example.com (Valid),(508)-281-5802 (Invalid),female (Valid),36 (Valid),1988-07-13 (Valid),5688 Atatürk Sk,Ankara,Diyarbakır,35960,Turkey,"115,920.00"
Luca Liberg,luca.liberg@example.com (Valid),86853358 (Invalid),female (Valid),24 (Valid),1999-12-09 (Valid),7538 Nordtvetbakken,Grøa,Sogn og Fjordane,3413,Norway,"70,286.00"
پریا علیزاده,pry.aalyzdh@example.com (Valid),098-07878086 (Invalid),female (Valid),43 (Valid),1981-09-08 (Valid),8143 دکتر چمران,شیراز,یزد,12032,Iran,"70,701.00"
Ilona Laakso,ilona.laakso@example.com (Valid),08-840-460 (Invalid),female (Valid),66 (Valid),1958-09-08 (Valid),9812 Fredrikinkatu,Forssa,North Karelia,38610,Finland,"67,946.00"
Sedef Çatalbaş,sedef.catalbas@example.com (Valid),(552)-040-0084 (Invalid),female (Valid),53 (Valid),1971-03-08 (Valid),5569 Şehitler Cd,Erzurum,Gümüşhane,97975,Turkey,"51,607.00"
Damiano Roger,damiano.roger@example.com (Valid),079 110 53 31 (Invalid),male (Valid),62 (Valid),1962-04-19 (Valid),5203 Rue Bony,Fétigny,Aargau,6070,Switzerland,"83,385.00"
Edwin Morales,edwin.morales@example.com (Valid),05-4829-5295 (Invalid),male (Valid),38 (Valid),1986-08-17 (Valid),7975 Valwood Pkwy,Coffs Harbour,Western Australia,2072,Australia,"99,975.00"
Marie Weiseth,marie.weiseth@example.com (Valid),30050216 (Invalid),female (Valid),34 (Valid),1990-01-11 (Valid),4309 Dammanns vei,Skjærhalden,Vestfold,5309,Norway,"97,655.00"
Teresa Lemoine,teresa.lemoine@example.com (Valid),076 050 79 62 (Invalid),female (Valid),37 (Valid),1986-11-07 (Valid),6411 Rue Abel-Ferry,Künten,Appenzell Innerrhoden,2207,Switzerland,"81,488.00"
Graciliano Nogueira,graciliano.nogueira@example.com (Valid),(55) 9277-2791 (Invalid),male (Valid),76 (Valid),1948-05-20 (Valid),3295 Rua Maranhão ,Teresina,Ceará,67282,Brazil,"62,743.00"
Estelle Lopez,estelle.lopez@example.com (Valid),05-21-41-66-40 (Invalid),female (Valid),61 (Valid),1963-08-05 (Valid),5126 Place de la Mairie,Dijon,Val-D'Oise,53002,France,"41,191.00"
Reimar Friebe,reimar.friebe@example.com (Valid),0357-2397412 (Invalid),male (Valid),29 (Valid),1995-06-23 (Valid),9248 Gartenstraße,Idar-Oberstein,Hamburg,12986,Germany,"37,085.00"
Teresa Hansen,teresa.hansen@example.com (Valid),061-725-8633 (Invalid),female (Valid),60 (Valid),1964-02-26 (Valid),8984 New Road,Kinsale,Wicklow,82906,Ireland,"67,996.00"
ایلیا مرادی,yly.mrdy@example.com (Valid),002-07311127 (Invalid),male (Valid),47 (Valid),1977-05-19 (Valid),2757 میرداماد,نجف‌آباد,بوشهر,34700,Iran,"70,584.00"
Loena Van Velzen,loena.vanvelzen@example.com (Valid),(0047) 591354 (Invalid),female (Valid),58 (Valid),1966-02-09 (Valid),9693 Indrapoerastraat,Delft,Flevoland,3464 YV,Netherlands,"80,555.00"
Bernardo Arevalo,bernardo.arevalo@example.com (Valid),(616) 837 8066 (Invalid),male (Valid),66 (Valid),1958-05-17 (Valid),825 Privada Sur Arellano,San Juan Mixtepec Distrito 08,Oaxaca,22762,Mexico,"119,292.00"
Karl-Hermann Dudek,karl-hermann.dudek@example.com (Valid),0679-2430826 (Invalid),male (Valid),74 (Valid),1950-04-17 (Valid),8632 Schillerstraße,Erlangen-Höchstadt,Niedersachsen,41413,Germany,"46,778.00"
Abdülkadir Güngör,abdulkadir.gungor@example.com (Valid),(0737) 049611 (Invalid),male (Valid),29 (Valid),1995-02-04 (Valid),2648 Colmarhof,Grosthuizen,Noord-Brabant,4228 PC,Netherlands,"40,971.00"
Buse Akaydın,buse.akaydin@example.com (Valid),(697)-428-6599 (Invalid),female (Valid),33 (Valid),1991-03-22 (Valid),935 Şehitler Cd,Siirt,Mersin,38694,Turkey,"102,104.00"
Charles Gagnon,charles.gagnon@example.com (Valid),T34 U95-4096 (Invalid),male (Valid),47 (Valid),1977-08-17 (Valid),703 Frederick Ave,Charlottetown,Prince Edward Island,N9G 1D1,Canada,"117,403.00"
Gene Garrett,gene.garrett@example.com (Valid),021-104-5194 (Invalid),male (Valid),33 (Valid),1991-01-06 (Valid),23 Park Road,Youghal,Laois,49639,Ireland,"92,434.00"
Zulmira da Rosa,zulmira.darosa@example.com (Valid),(51) 8504-2857 (Invalid),female (Valid),78 (Valid),1945-12-02 (Valid),5222 Rua Santo Antônio ,Itabuna,Mato Grosso do Sul,60936,Brazil,"44,830.00"
Willard Miles,willard.miles@example.com (Valid),021-342-7507 (Invalid),male (Valid),68 (Valid),1955-11-05 (Valid),4257 Boghall Road,Roscommon,Cork,23200,Ireland,"79,273.00"
Hélèna Gautier,helena.gautier@example.com (Valid),04-29-42-32-00 (Invalid),female (Valid),57 (Valid),1967-06-25 (Valid),69 Rue Bossuet,Vitry-sur-Seine,Allier,71591,France,"116,385.00"
Loretta Hicks,loretta.hicks@example.com (Valid),(573) 439-8393 (Invalid),female (Valid),63 (Valid),1961-04-06 (Valid),811 Dogwood Ave,Lansing,Vermont,44540,United States,"40,821.00"
Andrew Moreno,andrew.moreno@example.com (Valid),(883) 436-9758 (Invalid),male (Valid),78 (Valid),1945-11-26 (Valid),3972 Daisy Dr,Greensboro,Delaware,29756,United States,"47,977.00"
Yan De Looff,yan.delooff@example.com (Valid),(0789) 236835 (Invalid),male (Valid),76 (Valid),1948-03-04 (Valid),2658 De Seame,Kantens,Utrecht,0366 VJ,Netherlands,"73,433.00"
Prodan Bajević,prodan.bajevic@example.com (Valid),019-1424-043 (Invalid),male (Valid),50 (Valid),1974-08-21 (Valid),526 Pionirska,Ada,Nišava,86803,Serbia,"71,219.00"
سپهر حسینی,sphr.hsyny@example.com (Valid),070-56620427 (Invalid),male (Valid),68 (Valid),1955-11-07 (Valid),5478 کوی نصر,اصفهان,لرستان,70066,Iran,"81,957.00"
Lien Rijkhoff,lien.rijkhoff@example.com (Valid),(051) 7277248 (Invalid),female (Valid),58 (Valid),1965-12-01 (Valid),4844 Hertog van Berryplein,Loppersum,Drenthe,6878 CU,Netherlands,"62,253.00"
Dragojlo Zelenović,dragojlo.zelenovic@example.com (Valid),021-9676-344 (Invalid),male (Valid),59 (Valid),1965-08-24 (Valid),4872 Đene Branovačkog,Batočina,South Banat,18490,Serbia,"102,551.00"
Levi Cooper,levi.cooper@example.com (Valid),(916)-143-7876 (Invalid),male (Valid),29 (Valid),1994-11-07 (Valid),3208 Wairau Road,Masterton,Auckland,35868,New Zealand,"86,160.00"
Arja Van de Grift,arja.vandegrift@example.com (Valid),(0297) 014221 (Invalid),female (Valid),55 (Valid),1969-03-21 (Valid),5096 Kasteel Cortenbachlaan,Ureterp,Overijssel,8898 XY,Netherlands,"51,785.00"
Vernon Terry,vernon.terry@example.com (Valid),031-595-2564 (Invalid),male (Valid),43 (Valid),1981-10-22 (Valid),4621 Woodlawn Avenue,Greystones,Westmeath,15061,Ireland,"90,072.00"
پرنیا سالاری,prny.slry@example.com (Valid),082-62727503 (Invalid),female (Valid),57 (Valid),1967-03-07 (Valid),3295 موحد دانش,بروجرد,سمنان,96376,Iran,"105,005.00"
Ilhan Jeschke,ilhan.jeschke@example.com (Valid),0243-9231112 (Invalid),male (Valid),71 (Valid),1952-10-25 (Valid),7787 Wiesenstraße,Manderscheid,Brandenburg,75603,Germany,"59,918.00"
James White,james.white@example.com (Valid),U13 P59-1168 (Invalid),male (Valid),74 (Valid),1950-06-12 (Valid),5742 Peel St,Deer Lake,Québec,F7I 1B9,Canada,"42,339.00"
Manuel Hidalgo,manuel.hidalgo@example.com (Valid),913-473-116 (Invalid),male (Valid),39 (Valid),1985-03-25 (Valid),5782 Avenida del Planetario,Santa Cruz de Tenerife,Comunidad Valenciana,38459,Spain,"89,075.00"
Abigail Schmidt,abigail.schmidt@example.com (Valid),0181 931 8766 (Invalid),female (Valid),32 (Valid),1992-04-22 (Valid),5403 School Lane,Cambridge,Kent,K51 5WH,United Kingdom,"64,961.00"
Sandra Howell,sandra.howell@example.com (Valid),(738) 718-0457 (Invalid),female (Valid),79 (Valid),1945-01-06 (Valid),5252 Fairview St,Orlando,North Carolina,25397,United States,"105,327.00"
Bently Sirko,bently.sirko@example.com (Valid),X11 T96-8007 (Invalid),male (Valid),45 (Valid),1979-03-01 (Valid),761 Concession Road 23,Richmond,Nunavut,N5B 2C7,Canada,"40,104.00"
Sinezora Chaliy,sinezora.chaliy@example.com (Valid),(099) I87-7840 (Invalid),female (Valid),27 (Valid),1997-07-16 (Valid),2657 Sim'yi Hohlovih,Sokal,Dnipropetrovska,73768,Ukraine,"70,730.00"
Graciela Leyva,graciela.leyva@example.com (Valid),(693) 789 0161 (Invalid),female (Valid),43 (Valid),1981-05-12 (Valid),7266 Continuación Hidalgo,Oacalco,Ciudad de Mexico,43130,Mexico,"118,293.00"
Alba Fuentes,alba.fuentes@example.com (Valid),936-832-789 (Invalid),female (Valid),47 (Valid),1976-11-24 (Valid),939 Calle del Prado,Oviedo,La Rioja,31098,Spain,"89,867.00"
Alexander Marchand,alexander.marchand@example.com (Valid),076 578 63 95 (Invalid),male (Valid),37 (Valid),1987-08-27 (Valid),519 Rue Docteur-Bonhomme,Grabs,Fribourg,2488,Switzerland,"44,533.00"
Oskar Boyer,oskar.boyer@example.com (Valid),079 709 98 64 (Invalid),male (Valid),28 (Valid),1996-04-27 (Valid),3648 Rue de Bonnel,Schötz,St. Gallen,1942,Switzerland,"83,165.00"
Tromp Stal,tromp.stal@example.com (Valid),(0595) 539816 (Invalid),male (Valid),79 (Valid),1945-05-30 (Valid),5602 Hubbelinglaan,Eeserveen Odoorn,Noord-Holland,2243 RM,Netherlands,"90,514.00"
Jérôme Chevalier,jerome.chevalier@example.com (Valid),075 981 19 17 (Invalid),male (Valid),79 (Valid),1945-09-05 (Valid),8444 Rue de L'Abbé-Patureau,Courchapoix,Glarus,9483,Switzerland,"42,992.00"
Cristian Esparza,cristian.esparza@example.com (Valid),(690) 795 0657 (Invalid),male (Valid),42 (Valid),1981-12-06 (Valid),7949 Circuito Mercado,Diez de Octubre,Morelos,42631,Mexico,"59,621.00"
Milica Nenezić,milica.nenezic@example.com (Valid),023-7150-319 (Invalid),female (Valid),48 (Valid),1976-04-06 (Valid),1171 Miodraga Popovića,Aranđelovac,Braničevo,78560,Serbia,"113,705.00"
Susanna Alexander,susanna.alexander@example.com (Valid),016974 67770 (Invalid),female (Valid),66 (Valid),1958-09-21 (Valid),8965 Stanley Road,Inverness,County Antrim,UF5 9YA,United Kingdom,"74,611.00"
Ashanty Nijkamp,ashanty.nijkamp@example.com (Valid),(012) 2306421 (Invalid),female (Valid),50 (Valid),1973-12-07 (Valid),6330 Hendrik Veldmanstraat,Gendringen,Overijssel,0228 ER,Netherlands,"110,290.00"
Oliver Lehto,oliver.lehto@example.com (Valid),07-439-733 (Invalid),male (Valid),62 (Valid),1962-06-08 (Valid),8259 Nordenskiöldinkatu,Larsmo,Southern Ostrobothnia,54253,Finland,"111,519.00"
Léa Hubert,lea.hubert@example.com (Valid),04-62-74-91-71 (Invalid),female (Valid),40 (Valid),1984-02-23 (Valid),1529 Rue Abel,Aulnay-sous-Bois,Charente-Maritime,45367,France,"38,695.00"
Danielle Philippe,danielle.philippe@example.com (Valid),077 280 50 26 (Invalid),female (Valid),41 (Valid),1983-09-17 (Valid),6560 Rue Dumenge,Le Lieu,Zürich,4511,Switzerland,"100,391.00"
Meral Numanoğlu,meral.numanoglu@example.com (Valid),(934)-711-5538 (Invalid),female (Valid),34 (Valid),1990-02-14 (Valid),1050 Vatan Cd,Mersin,Bayburt,16598,Turkey,"50,649.00"
Selina Both,selina.both@example.com (Valid),(0608) 443964 (Invalid),female (Valid),75 (Valid),1948-12-01 (Valid),9007 Edammerweg,Makkum Fr,Zuid-Holland,7945 NN,Netherlands,"69,538.00"
Johan Johansen,johan.johansen@example.com (Valid),95353486 (Invalid),male (Valid),34 (Valid),1990-10-21 (Valid),1067 Præstevej,Stenderup,Hovedstaden,26672,Denmark,"58,938.00"
Ojas Hiremath,ojas.hiremath@example.com (Valid),9906608161 (Invalid),male (Valid),33 (Valid),1991-04-04 (Valid),9201 Somwar Peth,Durg,Andhra Pradesh,13215,India,"81,952.00"
Neurani Lima,neurani.lima@example.com (Valid),(30) 7041-5608 (Invalid),female (Valid),41 (Valid),1983-04-16 (Valid),2521 Rua Minas Gerais ,João Pessoa,Acre,29768,Brazil,"83,323.00"
Viraj Shayana,viraj.shayana@example.com (Valid),8832809866 (Invalid),male (Valid),28 (Valid),1996-07-25 (Valid),4240 Dwaraka Nagar,Uluberia,Uttar Pradesh,99833,India,"30,177.00"
Gülseren Broer,gulseren.broer@example.com (Valid),(059) 4129094 (Invalid),female (Valid),79 (Valid),1945-06-28 (Valid),9269 Eerste Weteringdwarsstraat,Garijp,Limburg,6654 AF,Netherlands,"70,298.00"
Ivo Kunzmann,ivo.kunzmann@example.com (Valid),0057-1333986 (Invalid),male (Valid),29 (Valid),1995-06-17 (Valid),9664 Danziger Straße,Limbach-Oberfrohna,Sachsen,54236,Germany,"36,225.00"
آراد سالاری,ard.slry@example.com (Valid),068-18033136 (Invalid),male (Valid),58 (Valid),1966-08-01 (Valid),5593 دکتر لواسانی,سیرجان,خوزستان,34087,Iran,"104,406.00"
Caroline Smith,caroline.smith@example.com (Valid),016974 35131 (Invalid),female (Valid),66 (Valid),1958-03-01 (Valid),4954 Park Avenue,City of London,South Glamorgan,T60 7AT,United Kingdom,"39,718.00"
Leposava Šakić,leposava.sakic@example.com (Valid),035-8483-654 (Invalid),female (Valid),54 (Valid),1970-04-22 (Valid),4682 Krajiška,Mitrovica,Pčinja,21591,Serbia,"116,703.00"
Nanne Huijbregts,nanne.huijbregts@example.com (Valid),(0258) 858097 (Invalid),male (Valid),63 (Valid),1961-06-17 (Valid),852 Ir Sassenstraat,Peperga,Noord-Brabant,7743 FS,Netherlands,"107,743.00"
Zirka Bodnya,zirka.bodnya@example.com (Valid),(067) X66-4094 (Invalid),female (Valid),55 (Valid),1969-05-08 (Valid),7706 Provulok Bryusova,Hodoriv,Odeska,96853,Ukraine,"93,512.00"
Hudson Robinson,hudson.robinson@example.com (Valid),(724)-430-2757 (Invalid),male (Valid),23 (Valid),2001-05-11 (Valid),1706 Titahi Bay Road,Blenheim,Nelson,10850,New Zealand,"51,396.00"
Ralph Van der Schaar,ralph.vanderschaar@example.com (Valid),(013) 8548090 (Invalid),male (Valid),40 (Valid),1983-12-30 (Valid),4591 Jan P. Vethstraat,Capelle aan den Ijssel,Zeeland,6344 NU,Netherlands,"66,170.00"
Harper Hall,harper.hall@example.com (Valid),(398)-197-5984 (Invalid),female (Valid),24 (Valid),1999-12-23 (Valid),6016 Queen Elizabeth Ii Drive,Whangarei,Bay of Plenty,21031,New Zealand,"110,149.00"
Mina Subašić,mina.subasic@example.com (Valid),026-4078-808 (Invalid),female (Valid),45 (Valid),1979-10-03 (Valid),6175 Mila Miranovića,Sombor,West Bačka,71665,Serbia,"52,645.00"
Johanneke Wennink,johanneke.wennink@example.com (Valid),(026) 0880310 (Invalid),female (Valid),40 (Valid),1984-09-08 (Valid),2664 Duinroos,Sambeek,Friesland,6873 LO,Netherlands,"59,677.00"
Beatrice Lo,beatrice.lo@example.com (Valid),X38 H50-0348 (Invalid),female (Valid),77 (Valid),1946-12-14 (Valid),7009 Pierre Ave,Cumberland,Manitoba,L1U 6M2,Canada,"41,433.00"
Kristen Reynolds,kristen.reynolds@example.com (Valid),00-8099-6375 (Invalid),female (Valid),71 (Valid),1953-03-21 (Valid),5132 Oak Ridge Ln,Tamworth,Queensland,8370,Australia,"114,050.00"
رها پارسا,rh.prs@example.com (Valid),038-04445412 (Invalid),female (Valid),66 (Valid),1957-11-25 (Valid),5509 واعظی,کرج,آذربایجان شرقی,47385,Iran,"52,902.00"
Sophie Lehmann,sophie.lehmann@example.com (Valid),60323808 (Invalid),female (Valid),24 (Valid),2000-03-18 (Valid),1150 Bøkkerveien,Skibotn,Description,2581,Norway,"52,622.00"
Jason Gerard,jason.gerard@example.com (Valid),078 131 06 24 (Invalid),male (Valid),61 (Valid),1963-04-20 (Valid),2499 Rue Pierre-Delore,Bäretswil,Ticino,2865,Switzerland,"61,837.00"
Darrell Chapman,darrell.chapman@example.com (Valid),(433) 462-0604 (Invalid),male (Valid),26 (Valid),1997-12-10 (Valid),5496 E Little York Rd,Irving,Nevada,79685,United States,"100,327.00"
Jacob Madsen,jacob.madsen@example.com (Valid),53631939 (Invalid),male (Valid),33 (Valid),1991-08-29 (Valid),242 Skodsborgvej,Juelsminde,Midtjylland,12935,Denmark,"83,349.00"
Miguel Barnes,miguel.barnes@example.com (Valid),021-336-3993 (Invalid),male (Valid),76 (Valid),1948-02-15 (Valid),8167 York Road,Castlebar,Mayo,30735,Ireland,"32,216.00"
Jasmine Abraham,jasmine.abraham@example.com (Valid),M67 N47-1960 (Invalid),female (Valid),54 (Valid),1970-09-24 (Valid),5786 Park Rd,Belmont,Saskatchewan,J1E 9T5,Canada,"53,084.00"
Elena Erceg,elena.erceg@example.com (Valid),021-5476-187 (Invalid),female (Valid),47 (Valid),1977-01-03 (Valid),1997 Đene Branovačkog,Lapovo,Mačva,18161,Serbia,"48,150.00"
Marshall Weaver,marshall.weaver@example.com (Valid),07-4190-8113 (Invalid),male (Valid),56 (Valid),1968-05-28 (Valid),6821 Preston Rd,Warrnambool,Victoria,2659,Australia,"112,798.00"
Roy Wallace,roy.wallace@example.com (Valid),051-181-8869 (Invalid),male (Valid),76 (Valid),1948-07-02 (Valid),857 Church Street,Fermoy,Wicklow,96214,Ireland,"50,195.00"
Soan Bernard,soan.bernard@example.com (Valid),05-55-25-55-54 (Invalid),male (Valid),63 (Valid),1961-09-20 (Valid),460 Place du 8 Février 1962,Brest,Hauts-de-Seine,54202,France,"49,969.00"
Vicentina Costa,vicentina.costa@example.com (Valid),(33) 8907-7193 (Invalid),female (Valid),66 (Valid),1957-11-12 (Valid),3987 Rua Santa Maria ,Araguari,Rondônia,12075,Brazil,"71,534.00"
Isabel Sánchez,isabel.sanchez@example.com (Valid),932-677-441 (Invalid),female (Valid),43 (Valid),1981-02-09 (Valid),9719 Calle de Alcalá,Torrejón de Ardoz,Extremadura,96093,Spain,"92,039.00"
پارمیس سلطانی نژاد,prmys.sltnynjd@example.com (Valid),018-78300085 (Invalid),female (Valid),59 (Valid),1965-05-27 (Valid),3261 15 خرداد,بجنورد,کهگیلویه و بویراحمد,31233,Iran,"116,908.00"
Luukas Saarela,luukas.saarela@example.com (Valid),03-301-361 (Invalid),male (Valid),35 (Valid),1989-03-14 (Valid),5091 Verkatehtaankatu,Laihia,Päijät-Häme,13826,Finland,"96,679.00"
Marinko Mitrović,marinko.mitrovic@example.com (Valid),028-8642-963 (Invalid),male (Valid),28 (Valid),1996-01-06 (Valid),2196 Bradaška,Kragujevac,Nišava,10419,Serbia,"92,315.00"
Alexandra Moore,alexandra.moore@example.com (Valid),(193)-229-2836 (Invalid),female (Valid),43 (Valid),1981-07-31 (Valid),6429 Ferry Road,Napier,Wellington,53878,New Zealand,"92,658.00"
Ella Rey,ella.rey@example.com (Valid),077 449 11 11 (Invalid),female (Valid),66 (Valid),1958-04-08 (Valid),8372 Rue Dubois,Tartegnin,Solothurn,2323,Switzerland,"113,707.00"
Jakov Ćirić,jakov.ciric@example.com (Valid),014-5107-851 (Invalid),male (Valid),63 (Valid),1961-09-25 (Valid),5925 Slavka Milićevića,Crna Trava,Braničevo,64966,Serbia,"97,769.00"
Chad Pearson,chad.pearson@example.com (Valid),016977 41197 (Invalid),male (Valid),28 (Valid),1995-10-31 (Valid),4385 Brick Kiln Road,Swansea,Cheshire,YM06 8AR,United Kingdom,"31,542.00"
Branka Jakšić,branka.jaksic@example.com (Valid),028-4317-405 (Invalid),female (Valid),78 (Valid),1946-04-29 (Valid),6509 Petra Markovića,Novi Sad,Podunavlje,38910,Serbia,"62,202.00"
Darlene Lopez,darlene.lopez@example.com (Valid),(231) 715-9421 (Invalid),female (Valid),68 (Valid),1956-04-03 (Valid),8610 Green Rd,Philadelphia,Delaware,26216,United States,"58,606.00"
Minea Arola,minea.arola@example.com (Valid),06-161-075 (Invalid),female (Valid),63 (Valid),1961-01-24 (Valid),2636 Fredrikinkatu,Siilinjärvi,Satakunta,52411,Finland,"75,332.00"
Ayşe Köylüoğlu,ayse.koyluoglu@example.com (Valid),(956)-879-7454 (Invalid),female (Valid),52 (Valid),1972-06-18 (Valid),7266 Mevlana Cd,Kütahya,Afyonkarahisar,42054,Turkey,"114,132.00"
Väinö Manninen,vaino.manninen@example.com (Valid),09-049-516 (Invalid),male (Valid),34 (Valid),1990-10-12 (Valid),2973 Nordenskiöldinkatu,Juva,Tavastia Proper,72686,Finland,"46,089.00"
Onni Lepisto,onni.lepisto@example.com (Valid),08-047-942 (Invalid),male (Valid),61 (Valid),1963-01-03 (Valid),6264 Rotuaari,Hämeenlinna,Uusimaa,24723,Finland,"98,891.00"
Ross Reed,ross.reed@example.com (Valid),025 2211 5786 (Invalid),male (Valid),40 (Valid),1984-08-22 (Valid),3510 West Street,Stevenage,Highlands and Islands,A77 8WR,United Kingdom,"59,788.00"
Evelia Galindo,evelia.galindo@example.com (Valid),(660) 066 2026 (Invalid),female (Valid),79 (Valid),1945-02-03 (Valid),108 Boulevard Colima,Ciénaga de Ntra. Señora de Gpe.,Aguascalientes,78751,Mexico,"119,419.00"
بهار سلطانی نژاد,bhr.sltnynjd@example.com (Valid),036-34401133 (Invalid),female (Valid),30 (Valid),1994-08-08 (Valid),9854 شهید علی باستانی,آبادان,کرمان,62330,Iran,"119,730.00"
Hana Hole,hana.hole@example.com (Valid),89479144 (Invalid),female (Valid),46 (Valid),1978-08-04 (Valid),1362 Mina Beiteplukksvei,Svelgen,Description,4013,Norway,"88,684.00"
